60.11,-92.72,4.461,-0.1711,0.6177,-0.7634,0.2313,-1.508,0.2112,-1.262,-0.728,-0.3681,-0.2197,1.006,4
62.19,-91.9,3.769,-0.7013,0.6955,-1.644,0.4598,-2.265,0.4575,-1.073,-1.124,-0.747,-0.3782,1.576,4
70.83,-88.01,1.674,-1.749,-0.05013,-1.016,-0.0101,-2.312,-0.5333,-1.572,-1.052,-0.4234,0.0387,0.9981,4
59.11,-98.36,3.901,0.7456,0.3024,-1.291,-0.475,-2.207,-0.8509,-0.8819,-0.6714,-0.9848,0.4951,1.655,4
73.39,-90.48,-0.1635,0.1876,2.483,-1.181,0.2073,-1.947,-0.5657,-1.474,-1.06,-0.7569,-0.2698,0.3577,4
80.73,-90.99,-1.047,0.7215,1.754,-1.607,0.8028,-1.116,0.4971,-1.576,-0.4757,-0.1822,0.09071,0.6969,4
62.87,-92.88,2.249,0.6556,1.84,-0.1717,0.9274,-1.112,0.01811,-0.7792,-0.5711,-0.6104,-0.5069,0.3893,4
68.22,-111.8,1.174,1.39,3.128,0.7708,0.848,-0.3848,0.8429,-0.0366,-0.5633,-0.4677,-0.4305,0.762,4
52.18,-100.2,1.695,1.702,7.195,2.002,1.576,-0.4396,0.05488,-2.285,-0.121,-0.3332,-0.01671,0.06836,4
57.05,-92.14,2.616,3.403,2.251,0.5588,0.2985,-0.1331,0.6476,-0.06749,0.07998,0.1177,-0.288,-0.3947,4
58.76,-117.4,6.019,7.375,0.4594,1.407,-0.3972,-0.2215,-1.003,-0.2331,-0.4738,0.4564,0.5569,0.1271,4
67.75,-102.2,2.315,0.01697,-0.05063,-1.076,0.5871,-2.119,-0.465,-0.9189,-0.3688,-0.5702,0.2845,0.4251,4
59.27,-86.75,1.826,0.9734,3.596,-0.173,0.3464,0.2334,0.2183,-0.04466,0.1045,-1.303,-0.23,-0.2145,4
38.3,-105.2,8.335,-0.4187,2.87,-0.9206,-0.513,0.001157,-0.997,-0.9469,0.3538,0.09753,0.1776,0.296,4
69,-88.64,0.7658,1.853,3.359,0.8029,1,0.4858,0.9074,-0.3954,0.2644,-0.03945,0.1653,0.1052,4
29.15,-112,6.655,1.999,2.404,0.436,2.218,-0.08339,-0.06396,0.5221,-0.6659,-0.7232,-0.2648,-0.02291,4
75.23,-84.34,0.5762,-0.4091,3.071,0.04443,0.8013,1.103,0.1291,-0.2233,-0.6531,-0.5866,0.552,0.3042,4
74.81,-99.05,0.8936,0.4627,3.187,-0.5752,2.153,-0.2878,0.1152,-0.09154,-0.4817,-0.9755,-0.1687,0.3666,4
71.92,-89.43,-1.648,-1.32,1.967,1.101,1.415,-0.1265,-0.412,-0.156,-0.3437,0.8275,0.3265,0.113,4
62.8,-94.66,2.894,-1.749,4.781,1.101,0.1133,0.9089,-0.7373,-1.112,-0.08241,-0.7364,0.2762,0.4617,4
74.06,-100.5,-0.2082,4.013,3.412,0.9359,1.311,0.9522,0.6496,-0.5399,-0.7058,-0.7415,0.5881,0.275,4
75.89,-91.9,-0.4109,-1.576,3.512,1.381,0.3661,-0.3383,0.1045,-0.5343,-0.1366,-0.1775,0.2059,-0.9032,4
70.43,-101.6,2.135,2.58,2.238,-0.07006,0.324,-0.06348,0.01958,-1.088,-0.006744,-0.7609,-0.1285,0.1345,4
73.61,-98.46,-0.8624,-1.214,1.971,1.448,2.132,0.3684,1.42,-1.086,0.3853,-0.6482,0.6135,0.02903,4
35.24,-104.6,10.05,-2.392,0.4286,0.6057,0.2571,-1.303,-1.484,-1.137,0.4784,0.6066,0.9485,0.7322,4
40.4,-109.5,5.63,4.007,6.433,-1.735,0.9874,-1.402,0.9262,-1.924,-0.2581,-0.9419,-0.1549,0.1318,4
60.47,-100.7,3.79,-1.842,1.775,-0.5713,-1.679,0.2885,1.897,0.3425,-0.8852,-0.3408,0.5626,1.043,4
79.9,-98.67,-1.344,2.106,3.036,-0.6588,0.8861,-0.5635,0.4836,-0.02307,0.4875,0.5899,0.2209,0.5363,4
43.61,-96.91,6.363,-0.7551,3.333,0.01163,0.8929,-0.03174,-0.2193,-0.6943,-0.6866,0.262,-0.5514,0.2497,4
46.73,-112.7,8.458,1.362,1.484,-1.16,0.9195,0.9671,-0.693,-0.06273,0.06713,-0.548,-0.3553,0.8836,4
27.27,-115.9,10.65,2.918,-0.1617,-0.01049,0.6388,-1.338,0.312,0.1479,0.08758,-0.3891,-0.4466,0.2912,4
61.86,-101.4,4.648,4.905,-0.4166,0.01096,-0.5662,-0.4524,0.0542,0.01697,-0.3425,-1.103,0.5822,1.114,4
45.32,-123.7,9.956,1.964,2.297,-0.4527,0.3924,-1.816,0.2242,-0.9289,-0.96,-0.881,-0.2092,0.0192,4
95.95,-85.34,-2.18,0.2072,2.594,0.05692,0.1837,-0.354,0.27,-0.04002,-0.1462,-0.2499,-0.2366,0.2075,4
67.72,-115.2,3.022,-1.13,2.268,0.6362,-0.6996,-0.8046,-1.108,-1.027,-0.5869,-0.7908,0.4811,0.6002,4
34.09,-102.4,11.15,-1.059,0.8955,-0.751,0.1408,-0.3255,-0.1167,0.2789,-0.02403,-0.1626,-0.4792,0.3098,4
90.83,-89.32,-0.3731,2.834,1.126,-0.1913,0.5181,-0.1817,-0.2925,-0.3773,-0.9569,-0.4673,0.1769,1.112,4
89.55,-100.1,3.4,0.172,-0.3122,1.025,-0.2066,-0.3523,-1.055,0.1359,0.012,-0.1379,0.5426,0.2662,4
50.63,-114,9.299,0.1917,-0.5367,0.3026,0.1008,-1.137,-1.054,-1.505,-1.212,-0.9324,0.9731,0.5351,4
44.27,-132.5,11.68,3.534,-1.13,1.674,0.5201,-0.4255,-0.637,-0.5632,-0.4295,-1.509,-0.6384,0.744,4
68.88,-102.7,3.764,-1.291,1.109,0.6914,0.2018,-0.3364,-0.1818,-0.2253,0.07237,-0.1155,0.5224,0.1637,4
35.32,-127.7,13.16,5.852,-0.1603,-0.2819,-1.59,-2.177,-2.196,-0.06498,0.7349,0.5102,0.4899,0.6222,4
55.5,-134.1,8.01,5.667,0.5125,1.198,0.4115,-0.1051,-0.8438,-0.8729,-1.384,-1.034,-0.1193,1.273,4
28.57,-148.3,16.12,4.891,1.55,0.02942,0.04574,-0.6432,-0.3955,-0.03011,-0.1878,-0.7304,-0.1811,1.1,4
54.43,-106.1,4.29,0.9241,3.094,0.9112,0.4754,-0.5402,-0.5735,-0.02412,-0.2514,-0.2761,0.2603,0.9432,4
66.03,-100,1.486,0.6337,1.708,0.02871,1.29,0.4048,0.105,-0.6717,0.02019,-0.8641,0.6141,0.0398,4
54.78,-135,4.935,2.504,3.72,-1.692,0.5973,0.04819,-1.15,0.09603,-1.064,-0.2436,-0.04069,0.2353,4
61.31,-108.9,3.835,3.7,1.808,-1.763,1.363,0.4768,-0.3113,-0.3679,-0.2321,-0.8557,0.2013,0.292,4
60.51,-107.6,3.277,3.64,3.061,0.5695,1.047,-0.5665,0.07987,0.03541,-0.4101,-0.07904,-0.7673,0.1645,4
70.4,-125.5,4.098,3.572,2.123,-2.691,-0.4695,-1.202,-0.3796,0.4082,-0.4834,0.000204,-0.7811,0.5996,4
71.16,-123.4,2.398,5.598,3.688,-0.9745,-0.03831,-1.349,-0.8858,-1.205,0.4938,-0.7624,-0.8253,0.4896,4
46.46,-99.8,4.001,1.732,1.588,1.036,0.8166,-0.2209,-0.03699,-0.04677,-0.84,-0.6364,0.3298,0.1309,4
41.78,-101.5,7.256,3.294,1.11,0.6075,0.3157,0.5228,0.3851,0.03942,-0.5061,-0.405,0.5716,-0.2463,4
56.26,-94.89,3.559,2.175,1.749,0.7349,0.4158,0.1069,-0.1848,-0.281,-0.4053,-0.4256,-0.1676,0.09808,4
46.63,-98.15,3.931,3.976,1.452,0.5157,-0.07088,0.1387,0.01829,-0.5577,0.1211,0.1217,0.5073,-0.05336,4
57.05,-108.2,4.034,4.348,1.534,1.294,0.2065,0.4617,0.0008798,-0.5115,-0.9207,-0.2106,0.3263,-0.1803,4
36.4,-107.3,8.637,2.215,1.859,0.4357,0.4676,0.2477,-0.5415,-0.1351,-0.5149,-0.6036,-0.02567,-0.3534,4
54.33,-106.5,3.867,2.877,1.981,0.7699,1.835,0.2729,0.1762,-0.175,-0.14,-0.1557,0.2868,0.214,4
36.68,-108.7,8.368,2.844,1.971,1.832,-0.4401,1.265,-0.04339,-0.5358,-1.024,-0.4215,-0.871,0.1522,4
55.82,-99.93,3.882,1.43,1.274,0.2164,0.3318,0.04271,-0.136,-1.62,-0.4097,-1.336,0.2742,0.5605,4
76.58,-100.7,1.366,1.669,0.4495,-0.02514,-0.1488,-0.5845,-0.3027,-2.253,0.1356,-0.5997,0.3286,0.5748,4
69.64,-108.2,0.1641,0.008834,-0.4083,-0.6371,-0.02462,-0.7154,0.312,-1.986,-0.5639,-0.7105,0.03742,0.9981,4
93.98,-104.6,-1.316,0.8606,0.1337,0.06253,0.3835,-0.3363,-0.3834,-1.644,0.3348,-0.4233,0.5775,0.5261,4
47.47,-106,5.063,3.861,1.504,-0.7136,-0.009624,-0.3226,-0.2726,-0.9207,0.1273,-0.8326,0.2656,-0.1176,4
71.24,-102.3,1.953,1.555,0.8283,0.9219,-0.1325,-0.1812,-0.4635,-1.442,-0.3546,-0.7779,0.3939,0.7492,4
61.87,-118.7,2.233,-0.2191,1.828,-0.75,-0.08979,-1.001,-0.6053,-1.665,-0.1427,-0.6349,0.6837,-0.1862,4
74.8,-117.3,0.9112,1.841,2.26,-1.816,-0.3514,-0.7428,-0.2603,0.06436,-0.6596,0.01835,-0.3568,0.6498,4
65.75,-88.38,2.101,-0.6263,3.013,-0.2164,1.088,0.7,-0.1346,-0.7464,-0.6627,-0.1393,-0.02404,1.374,4
82.71,-107.7,-2.84,-0.662,1.824,-0.9392,-0.3694,-0.00763,-0.6011,-1.263,-0.6849,-0.6428,0.2605,0.9238,4
37.47,-111.4,7.651,-0.2512,1.753,0.5662,1.448,-0.1012,-0.5766,-0.8558,-0.2425,-0.8772,-0.08142,0.5518,4
61.73,-99.42,0.4022,1.506,-1.945,-0.6432,-0.4774,-1.35,-1.736,-0.2933,0.7767,1.217,1.198,1.044,4
76.8,-96.27,0.35,-0.2596,2.492,-0.7896,1.683,-0.8619,0.7936,-0.7495,-0.2541,-0.8635,-0.2734,0.5421,4
77.23,-94.81,-0.07918,-0.01603,2.896,-1.101,0.2138,-0.08459,0.5303,-0.4114,0.1209,-0.9235,-0.6421,-0.1035,4
50.28,-101.8,4.521,-0.8726,4.108,-1.108,0.9486,-0.2606,0.5424,-0.1621,-0.7669,-0.01959,0.7779,0.2656,4
75.01,-99.48,-1.666,1.86,5.257,0.4264,1.169,-0.1685,-0.1305,-1.385,-0.6563,-0.1712,0.74,1.159,4
45.62,-111.5,5.534,3.191,3.172,-1.96,0.805,-0.02698,0.7679,0.3878,-0.4598,-0.9845,0.1665,0.4147,4
49.96,-110,4.716,0.7833,2.942,-1.083,0.2829,-0.2146,-0.286,0.5361,0.04173,-0.8379,0.8946,0.2071,4
62.32,-105.1,2.406,0.5405,3.73,-0.5355,1.523,-0.6929,-0.6784,-0.7076,-0.1386,-1.338,0.4793,-0.00591,4
24.92,-128.2,9.478,4.526,5.769,-0.3406,0.3512,0.5587,0.6636,-0.7418,-0.505,-0.7016,0.5583,0.05452,4
39.05,-128.5,7.182,1.391,3.375,0.1222,1.226,-0.1165,0.9851,0.0614,-1.061,-0.228,0.95,0.3145,4
75.4,-105,-0.539,-0.7581,0.2421,-0.5429,-0.09743,-0.09406,-0.1185,-0.6885,-0.6294,-0.1693,0.0117,0.2169,3
50.04,-106.7,-3.321,4.334,4.667,0.07137,1.712,0.9741,0.3653,1.032,0.6127,1.006,-0.7327,0.8737,3
30.04,-128.6,12.21,4.987,0.5356,-1.286,0.3459,-0.3194,0.1186,-0.2874,0.1931,-0.4922,-0.2745,0.7218,3
52.98,-94.65,-1.112,0.3539,1.457,0.5071,1.784,0.9888,0.005233,0.1319,-0.03416,1.037,0.05655,0.09256,3
51.12,-120,1.49,2.14,2.643,1.585,0.1582,0.1144,0.3656,-0.1966,-0.4721,-1.171,-0.126,0.007258,3
63.78,-87.9,0.06577,4.367,1.087,0.1825,-0.5222,0.1459,-0.2672,-0.1635,0.1059,-0.06987,0.503,1.077,3
65.59,-103.8,0.4553,5.188,2.364,0.9573,0.2258,1.672,0.238,-0.1698,-0.4882,-0.7232,-0.8596,0.3724,3
40.24,-95.64,4.498,1.902,0.5681,-2.796,0.8385,0.6303,0.8571,0.2859,-0.5741,-1.015,-0.5793,1.291,3
58.99,-106,-0.2812,2.524,0.5583,-0.2361,0.1442,-0.8362,-0.6832,-1.296,-0.7251,-0.4557,-0.1224,1.086,3
88.31,-97.56,0.3547,7.225,1.177,3.258,0.5529,0.4488,0.3449,0.1561,-0.3309,-0.1841,0.4159,0.854,3
69.79,-92.98,-0.667,0.3598,0.4221,0.6898,1.583,-0.7389,0.5441,-0.8942,-0.1359,0.1346,0.04235,0.418,3
40.28,-121.9,4.352,1.131,4.025,1.08,1.304,1.086,0.4135,0.479,-1.246,-0.5566,-0.1366,0.9585,3
78.2,-95.12,-0.8059,3.503,3.655,-0.2785,0.7931,1.443,-0.1039,-0.4002,-0.2341,0.04073,-0.03072,0.7051,3
86.6,-87.74,-3.945,1.489,0.7971,0.6319,0.3302,0.7102,0.7486,-0.2463,-0.06613,-0.5714,0.1698,0.3708,3
52.88,-113.3,1.699,3.127,2.183,-0.07688,0.876,0.5487,-0.4095,-1.069,-0.196,-0.2278,-0.1426,0.8321,3
62.43,-163.6,-5.467,0.6477,2.31,-0.6165,0.01504,-0.1317,0.9229,-0.6307,-0.9104,-0.9476,-0.5009,0.7692,3
109.6,-120.6,-2.38,1.124,-1.767,-1.55,-0.5289,-1.657,-0.2777,-1.462,-1.094,-0.5949,0.1404,0.7337,3
49.83,-181.8,1.021,-0.1885,1.812,-1.037,1.47,-0.5317,-0.359,-0.4124,-0.1728,0.1817,0.1336,0.4778,3
57.05,-117,7.074,2.801,-1.689,0.4478,0.08211,-0.4847,-0.08374,-0.8923,-0.9779,-1.465,-0.309,-0.01709,3
52.93,-127.6,12.57,3.304,-2.549,-1.894,-0.4856,-0.4271,2.431,0.5497,0.5936,-0.94,-0.6466,0.7904,3
61.06,-106.3,0.6795,2.864,1.157,-0.2925,0.8974,1.007,1.205,-0.3441,-0.3424,-0.8679,-0.6586,0.1144,3
52.02,-107.3,-1.446,3.782,2.887,0.5712,1.922,0.6675,1.213,0.4021,-0.3738,0.2455,0.6417,1.196,3
31.6,-119.5,8.537,-1.523,1.567,-0.05158,1.816,1.375,1.416,0.09757,0.9925,0.04941,0.01041,1.106,3
72.02,-146.7,2.925,-0.8509,1.615,-2.133,1.265,-2.201,1.83,-1.438,-0.9211,-0.5949,-0.37,0.1349,3
57.05,-117,7.074,2.801,-1.689,0.4478,0.08211,-0.4847,-0.08374,-0.8923,-0.9779,-1.465,-0.309,-0.01709,3
46.77,-103.9,5.701,2.692,2.117,0.2426,0.1064,0.8335,-0.3752,0.08767,0.1038,-0.517,-0.1094,0.5231,3
55.87,-107.2,4.212,7.185,1.725,1.187,0.1838,0.9413,-0.003106,1.09,0.7895,0.1467,0.2367,-0.4263,3
39.68,-106.7,5.591,8.968,4.012,1.873,0.9402,0.6785,0.1859,-0.5178,-0.4986,-0.4401,-0.5994,-0.1876,3
55.63,-100.5,-0.4707,10.11,2.866,0.9709,1.293,1.038,0.3527,-0.2678,0.6732,-0.955,-0.72,-0.1902,3
21.7,-110.1,10.12,5.44,4.467,-0.3047,1.154,0.5059,0.1029,0.3707,-0.4296,-0.3609,-0.2684,0.2761,3
50.9,-102.9,4.437,8.229,2.294,1.098,0.9187,0.7278,0.33,-0.4025,0.001724,0.1677,0.3538,0.3187,3
42.11,-123.4,5.988,4.613,-0.1177,1.164,0.7152,0.1786,-0.04101,-0.3636,0.09311,0.153,-0.6632,-0.01589,3
54.79,-125.9,4.812,5.16,-0.9867,0.7007,1.089,-0.2219,0.3983,-0.08054,0.05686,0.2929,0.4665,0.6306,3
64.53,-115.4,3.721,3.258,0.5169,2.014,0.1965,0.7985,0.4431,-0.1254,-0.3651,-0.6902,-0.8682,-0.4482,3
37.06,-115.8,5.346,1.683,4.103,1.076,2.285,0.7382,0.2246,-0.9949,-0.8397,-0.6883,0.4647,0.655,3
35.89,-110.4,0.6575,4.726,3.305,2.093,2.157,1.607,1.461,-0.3181,0.2264,-0.8328,0.4428,1.621,3
26.31,-111.6,2.736,6.151,6.202,2.465,2.871,0.8893,0.9481,0.1225,-0.5882,-0.5935,0.4881,0.7918,3
69.66,-113.1,-1.889,4.409,4.392,2.75,2.255,0.1412,0.26,-0.8402,-0.4028,-0.3591,-0.3334,0.2826,3
79.28,-103.4,0.423,4.426,1.913,-0.9934,0.5003,-0.5296,-0.5014,-0.9342,0.005071,0.7044,0.3696,0.3896,3
26.53,-133.4,8.721,2.928,3.542,1.101,0.5277,0.4507,0.1202,-0.126,-0.6004,-0.3462,0.1698,0.4796,3
58,-111.5,-0.8572,0.5571,0.1789,-0.2101,-0.041,0.4756,-0.1447,-0.4348,0.4733,-0.09224,0.6177,0.2718,3
56.69,-112.1,0.3379,0.103,2.321,-0.04473,-0.04425,0.5465,0.3547,-0.4666,-0.4367,-1.475,-0.1006,-0.3,3
53.76,-134.5,-0.04407,0.7081,1.549,-3.411,-1.135,-1.22,-0.2257,-1.016,0.1264,-0.2521,-0.01799,0.4461,3
65.09,-111.2,-1.408,2.456,0.2968,-1.086,-1.443,-0.6861,0.06777,-0.09392,0.01454,-0.48,-0.7702,0.8402,3
40.86,-131.4,0.9605,0.348,2.513,2.226,1.396,1.484,-0.5063,0.3279,0.9295,0.4202,0.2151,0.4889,3
44.94,-128,-1.756,4.68,1.639,1.101,2.485,0.1978,-0.1469,0.1915,0.2093,0.5486,0.158,0.6265,3
76.66,-104.8,-1.361,1.503,2.318,0.203,-0.2735,1.16,-0.2587,-0.8672,0.03134,-0.1527,-0.38,0.2187,3
60.12,-109.4,-3.155,1.608,1.74,-0.3412,-1.001,0.2801,1.516,-0.08754,-0.03344,-0.6683,-1.013,0.3002,3
53.4,-110.2,0.9618,-0.1847,1.898,0.4288,0.07264,0.9118,0.2478,-0.8196,-0.1058,-0.902,-0.8882,1.226,3
70.9,-109.7,-2.635,2.961,2.912,-0.1731,0.7626,1.167,0.5162,-0.2438,-0.02029,0.2504,0.1728,0.6092,3
37.12,-120.3,4.061,4.636,3.118,1.797,0.158,1.693,1.301,0.3147,0.002876,-0.3527,-0.8502,0.6497,3
77.8,-132.6,-3.37,8.633,2.742,2.189,-0.09044,1.39,0.1743,-0.5638,-0.7252,-1.706,0.6973,0.1169,3
27.72,-123.7,3.864,1.064,2.34,-0.5627,-0.1591,1.1,0.4892,0.5397,0.899,0.501,-0.6508,0.6786,3
80.6,-106.1,-3.276,2.684,3.186,0.9949,1.444,0.6024,0.3174,0.2393,0.0934,-0.03343,0.1541,0.3978,3
42.53,-110.2,3.98,0.002295,1.896,-0.5972,1.66,0.8419,0.38,-0.06199,0.4478,-0.1891,0.2873,0.4442,3
59.35,-110.6,1.35,5.021,0.7845,1.091,0.01692,0.1693,0.2217,-0.4364,-0.7001,-1.209,-0.6722,0.822,3
51.55,-115.8,-2.673,4.089,3.514,0.732,1.208,1.419,0.3847,-0.1648,-0.1031,-0.3114,-0.4136,0.4283,3
51.96,-114.7,2.591,-1.636,2.002,-2.111,-0.1165,-0.5289,-0.6443,-0.6579,-1.627,-1.589,-0.7,-0.4794,3
50.24,-135.2,6.765,-4.973,0.2032,-0.3575,-0.2958,-1.825,-0.006147,0.1297,0.1858,-0.7632,0.3512,0.4805,1
44.9,-144.6,8.768,-4.176,-0.2432,0.1462,-0.7435,-2.636,-0.6621,-0.62,1.016,-1.017,-1.175,-1.112,1
46.06,-128.4,7.307,-3.664,0.2726,-0.111,-0.7301,-2.776,-0.6034,0.07476,0.9377,-0.5413,-0.02191,-0.2477,1
55.74,-144,4.989,-4.236,0.9709,0.3006,-1.098,-2.562,1.176,-0.619,0.5076,-0.149,-0.9057,1.23,1
57.73,-130.2,4.457,-4.646,0.2972,-1.119,-0.5099,-1.362,-1.175,-2.414,-0.5126,-0.6892,-0.9415,-0.5247,1
38.46,-134.2,8.19,-2.386,1.175,-2.87,-0.6337,-1.524,-0.5621,-1.749,-0.3269,-0.6273,0.4766,1.032,1
37.29,-139.2,8.987,-1.495,1.287,-2.799,-0.9276,-1.139,-0.08633,-0.8335,1.08,-0.4043,-0.4711,0.02296,1
37.4,-139.8,8.387,-1.984,1.067,-2.077,-0.1794,-1.115,-0.2419,-1.547,-0.5544,-0.6163,0.6899,0.8708,1
40.3,-139.7,7.09,-2.667,0.7858,-3.214,-0.5641,-0.8009,-0.2257,-1.36,0.7691,-0.5907,0.03792,0.1732,1
28.75,-153.9,11.16,1.134,0.4231,-2.227,0.3791,-1.298,-0.09214,-1.769,-0.1982,-0.9698,-0.382,0.7438,1
44.12,-146.4,6.165,-4.369,-0.3651,-2.815,-1.181,-1.609,0.7425,-0.5606,0.3003,-0.8912,-0.04519,0.6838,1
31.1,-157.6,16.86,-4.26,0.5289,-3.377,-1.854,-1.396,1.365,-0.4331,-0.852,-0.7705,1.105,-0.06211,1
33.76,-153,11.15,-4.644,-0.03856,-3.863,-1.782,-2.273,0.4853,-0.03555,0.9882,-0.7338,0.01133,0.3108,1
41.37,-149,9.236,-3.482,0.8987,-2.668,-0.9935,-0.469,0.8871,-1.324,-0.7506,-1.352,0.7855,0.7091,1
35.02,-145.7,9.865,-4.457,0.005608,-4.424,-2.071,-1.738,-0.3596,-1.399,0.1471,-0.273,-0.1665,-0.4939,1
38.71,-176.7,6.065,-5.28,-1.547,-3.118,0.5654,0.024,-0.3155,-1.231,-0.4431,0.04749,0.6214,0.7938,1
24.37,-182.8,15.1,-0.2528,0.4983,-1.482,0.09679,-0.995,-1.871,-2.545,-0.2901,-0.1649,0.1515,0.2732,1
41.47,-145.2,9.361,-7.136,-1.696,-2.662,-1.143,-1.161,-0.156,-0.1558,0.1357,-0.9326,-0.2781,0.5026,1
36.15,-164.3,13.49,-3.871,0.8038,-2.9,-1.053,-0.001678,1.505,5.035e-05,-0.1036,-0.4178,-0.2298,0.6996,1
29.51,-184.3,10.33,-1.874,0.1558,-1.916,0.6867,-0.8568,-0.871,-2.452,0.09054,0.1485,-0.1517,0.5119,1
35.72,-139.7,12.32,-4.38,1.211,-2.391,-0.8326,-1.213,0.3085,-1.462,0.1507,-0.04966,-0.08535,0.5846,1
40.69,-138.3,9.233,-5.184,-0.7197,-3.891,-1.401,-1.973,-1.242,-2.126,0.2951,-0.2756,0.2402,0.5918,1
31.26,-148.5,15,-0.9562,3.166,-1.716,-0.3908,-0.7687,-0.3806,-2.276,-0.1437,-0.2517,-0.3202,0.473,1
30.43,-170.1,11.06,-1.106,-0.6644,-2.35,-2.647,-2.861,-1.227,-3.285,-1.94,-1.047,0.7805,1.066,1
48.03,-136.7,5.651,-4.456,1.135,-3.907,-1.944,-1.907,-0.8588,-3.15,-0.788,-0.008791,0.2427,0.2217,1
38.79,-135.3,9.803,-4.317,1.487,-3.252,-1.811,-2.086,-1.105,-2.443,-0.6789,-0.8738,-0.9266,-0.3806,1
55.74,-172.9,6.177,-4.918,-0.07038,-1.396,-0.6962,-1.068,1.558,-2.027,-0.8311,0.5492,-1.227,1.027,1
37.14,-156.3,7.144,-5.058,-0.7387,-3.972,-1.901,-2.353,-2.785,-4.235,-1.632,0.4567,1.903,2.088,1
40.34,-159,6.831,-7.017,-0.3737,-4.955,-2.687,-3.259,-2.73,-3.493,-0.8823,-0.7909,-0.3751,0.9545,1
48.03,-104.6,11.37,-9.225,0.8778,-2.034,-0.7617,-1.076,0.2495,-0.9067,-1.292,-0.6857,0.1594,-0.5159,1
26.09,-129,19.37,-4.338,-2.081,-2.025,-3.15,-2.146,-2.068,-1.031,-0.4888,-0.05728,0.3447,0.2376,1
24.29,-171.1,22.77,-2.68,-3.611,-1.871,-2.607,-2.075,-1.481,-1.751,-1.547,-2.252,-2.053,0.1293,1
23.02,-169.8,23.6,-1.758,-2.035,-2.371,-2.655,-1.869,-0.3364,0.3492,0.3616,-0.345,-0.5942,0.07416,1
23.67,-174.1,19.63,0.3647,-2.563,-2.046,-2.152,-1.446,-0.5246,-0.5867,-0.7525,-1.041,-0.5738,0.5078,1
48.69,-124,7.369,-6.815,0.408,-1.903,-0.7445,-2.784,0.09763,-0.8008,0.6314,-0.1265,0.7227,0.4031,1
40.55,-141.6,8.828,-6.334,0.4958,-1.693,-0.7264,-2.734,-0.4976,-1.112,1.229,0.5126,1.537,1.058,1
36.23,-146.7,10.26,-3.57,0.7724,-2.401,-0.02366,-1.271,-0.03211,-0.9602,0.4619,-0.2112,-0.1023,-0.12,1
38.83,-134.1,9.221,-3.651,1.065,-3.005,-0.5148,-1.336,-0.5715,-1.541,0.937,-0.2699,-0.6099,-0.2029,1
32.61,-157.2,9.777,-1.742,2.167,-2.667,0.1253,0.1971,-0.09071,-1.027,0.09123,-1.746,-0.2289,1.256,1
36.32,-141.1,11.13,-7.191,-0.7313,-3.993,-1.775,-2.354,1.016,0.278,0.7248,-1.066,-0.6829,0.3744,1
36.92,-140.3,9.652,-4.149,0.534,-3.186,-0.8772,-1.967,-0.8793,-1.4,0.6167,-0.1841,-0.334,0.2472,1
31.13,-164.8,10.6,-3.279,1.007,-4.154,-0.7997,-1.394,0.09743,-0.73,1.75,-0.2156,-1.002,-0.506,1
36.71,-127.8,9.958,-3.723,0.9368,-2.933,-0.8519,-2.035,-0.1809,-1.217,0.08819,-0.7807,-0.7148,0.9712,1
24.72,-183.7,19.41,-3.94,-1.304,-4.481,-2.086,-1.274,-1.023,-1.577,-1.967,-2.647,-0.3127,0.6168,1
21.1,-199.3,23.01,0.6067,-0.6781,-2.531,-1.143,-1.208,-0.3496,-0.4962,-0.4042,-1.254,-0.7033,0.08553,1
26.63,-175.5,20.45,-4.761,-0.1317,-2.979,-0.7819,-0.8501,-1.642,-2.36,-1.208,-1.261,-0.4509,-0.1682,1
16.15,-205.3,14.05,1.653,1.052,-2.231,-1.06,-0.9825,0.8859,-0.1492,0.4724,0.4256,0.3486,0.832,1
30.99,-158.8,12.24,-4.135,1.755,-2.602,-0.4981,-1.726,-1.484,-1.836,-1.122,-0.7808,0.1089,0.8216,1
44.7,-131.2,7.623,-7.593,-1.663,-4.767,-2.58,-3.612,-1.272,-2.224,-1.198,-0.295,0.7878,0.3791,1
25.97,-145.2,19.27,-6.942,-0.2826,-3.474,-2.314,-2.645,-1.542,-1.291,0.3183,-0.07172,0.256,0.271,1
29.64,-155.5,15.9,-6.323,1.261,-3.146,-1.694,-2.124,-1.075,-1.221,-0.4094,0.3027,0.6373,0.6639,1
46.87,-130.7,8.618,-6.005,0.1248,-2.055,-0.696,-1.901,-0.3263,-0.6903,-0.4634,-1.018,-0.1043,0.5219,1
39.29,-139.5,11.12,-4.379,-0.06257,-2.51,-1.348,-1.783,-0.09676,-0.8405,-0.7316,-0.02782,0.3159,1.025,1
26.09,-159.4,19.28,-4.764,0.5508,-3.331,-2.052,-1.988,-0.91,-0.6505,-0.8623,0.4421,0.425,0.1939,1
36.12,-143,10.14,-5.464,0.7215,-2.743,-1.801,-2.944,-0.7153,-0.631,0.418,0.9881,0.6652,0.7443,1
85.25,-150.3,-12.15,-7.099,0.9933,0.5327,6.311,3.276,-2.525,-3.715,0.5214,3.887,0.7451,-1.3,1
77.74,-148.8,-2.255,-5.984,-2.866,-4.654,-0.9171,-0.8529,1.34,-0.304,-1.084,0.1729,0.1832,0.7506,1
77.97,-130.9,0.6866,-0.7418,3.111,0.05245,2.834,0.08407,-1.159,-0.9252,-0.2007,-0.3873,-0.01277,-0.2554,1
67.01,-140,3.178,-0.4721,5.216,-2.501,-3.879,-0.05279,1.746,-4.762,0.6736,0.3131,-0.4431,0.2678,1
55.37,-121.6,5.656,-5.588,3.502,0.9707,-1.053,-1.385,1.098,0.2181,-1.458,-0.8998,0.4078,0.5763,1
35.89,-164.2,6.485,-2.288,1.944,-1.639,0.5033,-0.09098,0.353,-0.6575,1.238,1.08,0.1991,-0.3237,1
63.63,-172.8,1.141,-3.539,0.9808,-4.516,-0.3218,0.1329,0.8944,-1.365,0.6246,-0.2436,0.794,-0.5527,1
60.17,-122.8,0.8549,-4.286,1.461,-3.151,-0.1898,-0.5822,-0.4244,-1.494,-0.1237,-0.1197,0.2434,-0.5039,1
43.95,-137.7,8.421,-2.996,1.439,-2.591,-1.069,-0.6806,0.3506,0.5206,-0.7065,-1.463,-0.442,-1.07,1
63.11,-140.6,1.889,-2.883,1.455,-1.506,0.008321,-0.6251,-1.365,-2.162,-0.4955,0.4035,2.457,-0.7036,1
41.28,-161,6.275,-1.358,-0.3581,-0.9445,0.2713,0.2289,0.271,0.783,-1.186,-1.073,1.569,0.05021,1
42.49,-104.7,6.452,0.7372,2.242,-1.08,-0.2178,-0.3379,0.08624,-0.1964,0.2122,-0.2345,-0.3054,0.2831,2
28.66,-127.8,10.98,2.415,2.344,0.2803,0.7721,0.06749,-0.8968,-0.3928,-0.7311,-0.06442,-0.5775,0.5145,2
39.03,-97.73,8.582,-1.581,1.364,1.174,0.03198,-0.5949,-0.08437,-1.076,-0.03387,-0.5358,-0.2374,0.7443,2
17.04,-124.7,13.63,1.007,1.23,0.5153,0.6848,0.6796,0.2465,-0.7832,-0.04266,-0.2491,0.3581,0.8792,2
51.9,-114,6.482,-3.188,-2.53,-1.256,-1.416,-0.9097,-0.2814,-2.109,-0.8488,-1.011,-0.9884,0.1539,2
48.12,-116.9,8.776,0.3276,-1.077,-1.239,-1.497,-0.7364,-1.462,-2.194,-0.7464,-1.478,-0.2344,-0.1784,2
37.39,-117.8,11.81,-1.541,5.629,-2.4,-1.022,0.3988,-0.6252,-1.505,-0.7416,-1.723,-0.6649,-0.04674,2
31.45,-115.5,11.34,0.9265,5.316,-1.093,-0.9824,0.318,-0.6751,-0.8078,-0.7862,-0.7818,-1.681,-0.03684,2
32.75,-107.2,6.656,1.573,2.554,-0.7873,0.7996,1.038,0.3459,-1.088,-1.642,0.2561,0.3612,-0.1909,2
40.49,-126.3,7.253,1.329,-1.769,-2.134,-0.05483,-1.762,-0.6923,-0.842,-0.6185,-1.465,-0.6105,0.754,2
32.2,-116.5,10.2,-3.792,-2.503,-2.178,-0.3323,-0.252,-1.238,-1.004,-0.3457,-1.051,-0.4729,0.0307,2
22.45,-146.8,11.49,4.094,2.801,1.172,0.8218,0.4438,-0.02904,-1.527,-0.5829,-0.1373,0.2569,0.7208,2
35.34,-122.3,8.701,3.493,3.396,-2.196,0.2806,-3.52,0.3572,-1.259,-2.58,-1.903,-1.752,-0.8098,2
26.29,-126.9,10.78,4.445,2.619,-1.677,-0.2915,-3.145,-0.3974,-0.1617,-1.92,-0.2955,-1.2,-0.8662,2
23.04,-149.5,9.582,3.774,2.662,-1.893,-1.597,-2.476,1.282,0.239,-2.016,-0.3156,-1.453,-0.6206,2
32.58,-133.1,8.488,2.116,2.344,-1.139,0.3142,-3.346,0.4354,-0.4565,-3.095,-1.304,-1.519,-0.06002,2
31.39,-132.8,8.789,1.743,1.696,-0.9752,-0.5052,-1.77,1.468,-0.3568,-2.746,-0.896,-0.8117,-0.4666,2
24.72,-131.7,12.17,4.41,5.284,-2.86,-0.1985,-2.345,0.9383,0.4502,-2.46,-0.8979,-1.491,-0.3481,2
28.72,-138,8.721,4.455,1.564,-1.415,-1.922,-3.324,-0.04744,0.1186,-0.9709,0.4461,0.144,0.1507,2
30.12,-130.5,11.58,2.74,2.354,-2.579,-0.3428,-2.626,1.52,-0.4355,-1.984,-1.444,-1.34,-0.7363,2
26.92,-133.4,10.58,3.165,1.198,-1.3,-0.3157,-1.518,0.4304,-0.5809,-2.582,-1.043,-1.05,0.237,2
24.5,-137.4,13.12,3.766,3.524,-0.7403,-0.6741,-2.927,1.667,-0.015,-2.257,0.09153,-0.4167,0.3674,2
29.96,-130,11.42,2.634,2.227,-1.867,0.1644,-2.812,1.913,-0.2867,-2.363,-0.07214,-0.5946,0.3357,2
26.84,-125.1,10.08,4.533,3.344,-2.131,-0.8124,-2.524,-1.122,-1.033,-1.566,0.3186,0.6772,-0.6369,2
24.19,-136.4,10.59,6.554,4.924,-1.936,-0.1913,-1.486,0.1133,-0.3786,-0.8646,-1.278,-0.497,-0.8516,2
26.44,-133.2,10,5.928,4.652,-2.788,-0.3003,-1.198,-0.6102,-0.8579,0.01832,-0.1733,0.02744,-0.9088,2
26.58,-143.1,9.359,5.012,3.913,-1.622,0.0917,-1.268,0.07423,-0.3575,-0.6073,0.6428,0.4229,0.6786,2
37.07,-122.7,7.776,4.124,3.843,-3.353,0.1239,-1.714,-1.635,-0.1829,0.3391,0.242,-0.5395,0.7014,2
24.57,-130.4,11.45,3.483,6.361,-1.368,-0.2783,-1.999,-0.09174,-0.5639,-0.6135,-1.243,-0.8187,-0.7262,2
27.05,-130,14.88,5.166,3.083,1.794,-0.04011,-0.3717,-0.3428,-0.1198,1.05,1.232,-0.6092,-0.4967,2
20.14,-120.7,17.6,5.249,2.756,1.434,0.7731,0.3283,-1.343,-0.06799,-0.9783,-0.212,-0.2054,-0.3578,2
21.97,-124,16.6,6.064,3.92,0.896,-0.6159,-0.7596,-1.591,-0.2708,0.8348,1.646,-0.3017,-0.7292,2
67.95,-96.39,0.1146,1.067,3.138,-2.278,0.4305,-0.3816,0.001781,-0.8007,-0.723,-1.263,0.09297,0.7928,2
52.91,-92.76,1.779,2.603,5.347,-0.8016,0.01245,1.137,0.8531,-0.3244,-0.8219,-1.321,0.008506,0.3445,2
57.87,-102.2,0.7099,1.815,4.124,-1.341,1.082,-0.6886,-0.06712,-0.863,-0.9754,-1.448,0.6974,0.9332,2
38.65,-111.3,5.049,4.375,4.152,0.2994,0.824,-0.4519,-0.1447,-1.395,-1.136,-0.7359,0.1475,1.08,2
46.03,-100.4,3.509,1.983,5.489,-0.2193,0.3329,0.7033,-0.5501,-0.4947,-0.7328,-0.7922,0.3429,0.3288,2
53.37,-100.4,2.933,2.809,2.739,-2.449,-0.9081,-1.704,-0.2024,0.05074,-1.617,-1.349,-0.6373,1.134,2
72.75,-99.95,0.2628,4.626,3.901,-1.646,0.9223,-0.3958,0.4177,-1.217,-1.095,-1.581,0.4683,0.3978,2
49.83,-94.69,2.322,2.127,5.197,-0.03125,0.367,0.0813,0.0212,-0.4214,-0.9036,-1.334,0.4601,0.546,2
85.67,-96.31,-0.4653,5.476,2.338,0.1128,1.082,0.2313,-0.3794,-0.3942,-0.3251,-0.3153,-0.8263,-0.9643,2
59.95,-110,2.29,2.453,0.257,1.809,0.7208,0.3709,-1.086,-0.702,-0.7485,-0.7255,1.673,0.6785,2
79.01,-109.8,0.9963,4.668,-1.647,-0.1879,-0.4804,1.221,-0.2783,-1.821,-0.6973,-0.6258,0.4022,0.7625,2
75.12,-98.44,0.9016,4.906,-2.082,-2.711,-0.3006,-0.265,-0.2339,-1.46,-1.206,-1.062,0.4368,0.202,2
74.84,-106.2,-0.1026,2.562,-1.368,-0.6738,-0.6692,0.6988,-1.059,-1.819,-1.108,-0.8889,0.7424,0.03962,2
62.3,-106.7,2.687,2.798,-0.01147,-0.3541,-0.5037,0.1029,-0.9682,-0.4906,0.5514,-0.3423,0.6532,-0.6476,2
57.64,-99.81,2.811,2.112,-1.455,-0.821,0.2634,-0.2241,-0.5486,-1.784,-1.022,-0.6597,1.312,0.9001,2
69.11,-106,1.433,3.648,-2.877,-1.336,0.4769,0.1034,-0.5038,-1.696,-0.5575,-0.2525,1.223,0.7443,2
64.01,-102.7,3.622,3.379,-1.521,0.1284,-1.569,0.05216,-0.4629,-1.202,-0.9028,-1.35,0.6331,0.09366,2
50.3,-108.7,4.646,0.4059,-0.6493,-1.573,-0.221,0.267,-1.121,-0.3835,-0.317,-0.8628,0.2715,-0.3233,2
68.87,-98.92,1.816,4.114,-1.804,-1.467,0.1323,-0.02356,0.2796,-1.094,-0.5378,-0.5141,0.9546,0.3284,2
66.08,-106.3,5.096,6.387,-3.691,-0.7015,-1.07,0.8139,-2.088,-1.286,-2.032,-0.3624,0.7034,0.4365,2
51.42,-84.9,3.029,2.281,0.8393,-2.328,-1.111,-1.232,-1.429,-0.432,-0.3809,-0.4822,0.006649,0.6956,2
61.84,-94.19,4.096,1.437,1.334,-0.4865,-1.452,0.1099,-0.5957,-0.2288,0.3744,-0.2205,-0.3604,0.8662,2
55.47,-102.1,2.213,2.173,3.825,0.1325,-0.5325,-0.08761,-0.2835,-0.1639,-0.5451,-0.6068,-0.1463,0.8136,2
69.82,-91.98,-0.7669,1.732,3.286,0.5286,-0.06259,-0.05081,1.126,-1.013,-1.523,0.429,0.3837,1.63,2
57.06,-87.02,2.767,-0.9958,3.185,1.189,-0.03936,1.017,-0.298,-0.6304,-0.5045,-0.2835,-0.3309,0.6759,2
63.34,-81.54,1.429,-0.1645,2.09,0.6555,-0.2008,0.6231,-0.2143,-0.5848,-0.7922,-0.8848,-0.3454,0.4394,2
63.77,-81.4,1.004,1.432,2.851,1.735,0.7025,1.915,-0.7932,-0.8048,-0.7911,-0.9489,-0.5589,0.2793,2
48.1,-89.46,4.148,-2.024,1.374,-0.05357,0.4276,0.1226,-0.2371,-1.048,-0.05292,-1.191,0.03181,0.2884,2
65.11,-82.24,1.119,-2.112,1.167,0.1702,-0.03472,-0.4808,-0.2238,-0.4469,0.4391,-1.148,0.5978,-0.6044,2
53.78,-85.05,4.13,-0.8114,0.4607,-1.405,-0.1402,0.3991,-0.2993,-0.655,-0.6717,-0.05126,-0.7761,0.6963,2
60.34,-86.05,0.4704,0.5227,1.742,0.2474,0.345,0.5799,-1.056,-0.1244,0.003566,-0.07765,0.5526,0.6672,2
58,-87.75,2.945,-2.18,2.216,-0.5335,-0.3076,0.7303,-0.6757,-0.5648,0.131,-0.1294,0.2934,0.203,2
30.39,-116.2,11.56,1.956,4.57,0.3972,-1.053,-1.816,-1.041,0.3307,0.977,-0.3474,-0.7464,0.7864,2
24.96,-127.7,14.25,2.795,3.909,0.5739,0.2018,0.005937,0.7421,0.2469,-0.7009,-0.7812,-0.675,0.5002,2
26.01,-113.4,10.89,4.251,2.822,0.3196,-0.7023,-0.7359,-1.78,-0.217,-0.6291,0.23,0.1248,1.363,2
16.4,-122.7,14.09,2.225,5.574,0.2186,0.8726,-0.44,-0.5738,0.1637,-0.5018,-1.116,-1.217,0.443,2
13.12,-161.5,18.1,2.422,3.491,0.7957,1.777,-0.3394,0.726,-0.03285,-0.5143,0.3808,-0.6763,0.4802,2
29.76,-120.1,10.22,5.946,4.037,0.1071,-0.1763,-0.4512,-1.213,0.6994,-0.2987,0.9111,0.2709,0.8177,2
18.44,-132.7,15.51,0.1034,3.751,1.73,1.292,0.7319,0.416,-0.657,-0.09849,-0.3065,-0.1649,0.8454,2
16.53,-157.1,15.74,5.986,5.827,1.332,0.05456,-0.6015,0.2333,0.2375,0.3011,-0.1595,-0.3405,0.6085,2
11.09,-156.7,22.75,-0.1709,3.432,2.524,1.136,0.7797,-0.7811,-0.5708,-0.8292,-0.6572,1.308,1.123,2
26.02,-125.3,11.35,3.737,3.97,0.5265,1.139,0.2055,-0.1736,-0.1473,0.02293,-0.4264,-0.1054,1.101,2
29.24,-106.5,12.36,1.644,1.3,-0.8006,1.659,0.5277,-1.608,1.23,-0.7261,0.7289,-0.1303,0.2734,2
24.71,-145.4,16.01,3.173,0.1897,0.7137,0.8566,-0.2184,-0.6347,-2.043,-0.7457,-1.129,0.1153,1.677,2
22.82,-111,12.21,2.472,5.286,-0.6034,1.565,-0.3545,0.01874,-0.7735,-0.2646,-0.9589,-1.384,0.2878,2
65.71,-101.4,1.287,2.422,1.463,1.376,1.001,-0.2488,0.18,-1.367,-0.306,-1.076,0.1542,1.015,2
38.23,-117.6,6.936,0.05711,0.05884,1.433,0.8151,-1.445,-0.03065,-1.301,-0.4889,-1.363,0.1569,0.5078,2
35,-136.4,11.8,-4.603,1.209,-2.184,-0.9421,-1.577,0.2412,-0.2807,-0.2273,-0.8658,0.6485,1.101,1
22.62,-165.3,15.34,-0.2055,2.523,-1.551,-0.1889,-1.179,-1.123,-3.017,-1.071,0.3302,0.9469,1.015,1
36.63,-121.6,11.99,-4.491,0.8241,-2.222,-0.321,-1.656,-0.2359,-0.4233,0.2486,-0.09121,0.1329,0.6519,1
34.93,-122.8,12.52,-4.544,1.375,-2.361,-0.7366,-2.067,-0.6505,-0.04271,0.6282,-0.2207,0.5029,0.7321,1
41.81,-144.7,10.04,-8.026,-0.638,-2.737,-1.583,-2.471,-0.5855,-1.6,-0.6924,-0.7296,-0.1823,-0.007228,1
27.33,-153.3,17.94,-2.839,-0.5693,-2.277,-0.8706,-1.588,-0.6383,-1.791,-0.04303,0.1865,0.8088,-0.04754,1
41.49,-123.8,10.8,-5.142,0.6661,-1.973,-1.252,-2.006,0.08818,-0.8643,-0.06111,-0.5585,0.3477,0.5454,1
47.16,-141.7,6.252,-4.495,0.5209,-3.003,-0.5977,-1.066,-0.08646,-0.6409,0.2887,-1.095,-0.3934,0.2984,1
32.62,-144.6,11.42,-3.101,1.46,-3.459,-0.1335,-1.039,-0.9513,-2.9,-0.9777,-0.8593,-0.6707,-0.3544,1
20.18,-163.2,18.62,0.1007,2.466,-0.9146,0.08458,-0.2186,-0.4797,-2.303,-1.097,-0.7009,0.04231,0.4207,1
18.7,-186.6,20.04,1.284,0.6784,-0.3868,0.386,-0.3149,-1.066,-2.768,-1.213,-0.8965,0.2923,0.8497,1
27.84,-177.3,11.91,-1.587,1.78,-1.973,-0.1069,-1.248,-0.5054,-1.892,0.5206,-0.389,-0.7277,0.1561,1
37.61,-140.5,9.112,-2.023,2.572,-1.973,-0.541,-2.355,-1.869,-2.906,-0.1206,0.2567,0.8826,-0.497,1
46.17,-105.2,5.204,1.716,1.821,-0.03252,-0.2096,-0.199,-0.3469,-0.8384,-0.492,-0.4126,0.42,0.6172,4
46.17,-105.2,5.204,1.716,1.821,-0.03252,-0.2096,-0.199,-0.3469,-0.8384,-0.492,-0.4126,0.42,0.6172,4
90.64,-112.7,-4.387,3.009,-1.037,-1.457,-1.283,-1.369,-0.2996,-1.578,-0.564,0.3097,2.014,1.547,3
50.28,-109.8,2.112,4.768,2.247,1.35,0.8901,0.1829,0.5401,-0.3185,-0.2606,-0.1473,0.1188,0.9296,3
64.17,-99.01,-0.9443,-0.615,2.684,2.667,0.5079,0.2866,0.9208,-0.5879,-0.7389,-0.3765,0.5412,0.8127,3
48.16,-100.1,4.327,4.09,2.737,0.132,0.9832,0.4943,0.1689,-1.348,-0.6003,0.619,1.083,0.7997,3
44.65,-95.83,3.398,0.6833,-0.2228,-0.7112,0.7866,0.3326,0.6247,-0.2246,-0.373,0.1566,0.8272,1.47,3
49.42,-108.3,6.757,-3.804,1.766,-1.952,1.237,-0.1108,-1.271,-1.771,-1.438,-1.82,-0.8491,-0.2118,3
68.45,-92.7,-1.219,4.308,3.699,-1.39,1.056,-0.7921,-1.503,-1.423,-0.6839,-0.3332,1.062,0.8271,3
59.41,-102.6,1.79,1.009,0.8505,-0.07077,-0.9808,-0.1813,-0.2158,0.01373,-0.5428,-0.9702,-0.3904,-0.06011,3
56.45,-105.5,-1.239,3.62,2.063,0.3856,1.987,0.141,-0.6633,-0.8334,-1.245,0.1227,1.481,2.23,3
41.12,-101.8,3.656,5.039,2.147,1.487,0.5501,-0.2142,0.7262,-0.7568,-0.329,-0.1537,0.6615,0.6055,3
74.52,-113.9,-2.715,4.647,2.318,-0.322,0.3228,-0.09567,-0.6012,-1.266,-1.476,-1.509,0.06959,1.103,3
51.22,-101.3,1.884,3.166,3.058,1.13,1.024,0.2495,-0.2858,-1.125,-0.6788,0.6978,1.161,1.119,3
55.31,-114.2,-7.471,2.827,2.242,-0.9581,-0.1354,-1.033,-0.7415,-2.208,-1.36,-0.2922,1.226,2.566,3
61.24,-89.49,0.6864,1.901,0.8869,-1.478,-0.1193,-0.4526,-1.313,-1.193,-1.106,-0.4073,0.7046,1.664,3
38.58,-105.9,7.488,3.194,-0.3174,-0.6143,-0.4961,0.1222,0.8054,0.0643,-0.1614,0.0008391,0.3519,0.3585,3
54.55,-89.52,2.447,2.365,2.364,0.09321,0.4775,-1.19,-1.252,-0.1902,-0.6272,0.02742,1.042,1.413,3
71.02,-99.33,-2.224,-0.6027,1.006,-0.7104,0.1219,-1.055,0.0546,-0.8119,-1.124,-0.09462,0.7914,1.368,3
54.96,-93.58,0.1138,2.002,1.472,1.16,1.047,-0.592,-0.4544,-0.1588,-0.7944,0.5244,1.071,0.66,3
88.37,-114.9,-1.931,8.26,2.703,-0.4626,0.819,0.4106,-0.7846,-0.7417,0.4075,-0.1409,0.7464,0.8653,3
52.45,-113.2,3.009,1.516,0.1725,-0.832,-0.679,0.02448,0.02934,-0.07234,-0.1925,-0.241,-1.449,0.2759,3
28.12,-101.4,8.91,1.305,3.414,0.7956,-0.357,-0.5296,-0.04533,0.5513,-0.02952,-0.1638,-0.135,0.8527,4
39.31,-108.6,4.749,0.2567,1.844,-0.9379,-0.02725,-0.1246,-0.05151,-0.1345,0.005576,-0.9305,-0.5562,0.368,4
22.05,-116.1,10.94,2.14,2.586,2.083,1.07,-0.6873,0.2019,0.5726,-0.1691,-0.4725,-0.002173,0.4106,3
21.01,-107,11.19,5.98,3.847,2.055,-0.3071,0.2302,-0.2626,0.3512,0.03864,-0.9674,0.03471,0.4379,2
39.4,-88.49,8.433,-4.606,3.282,-1.132,-0.4881,0.9344,0.01576,0.9889,0.4884,-0.07327,-0.7165,0.3033,3
44.65,-95.11,6.984,-0.5653,2.43,-1.978,1.355,-0.07646,-1.324,-1.242,-0.2211,-0.7039,0.705,-0.3419,4
24.14,-107.4,12.95,1.536,3.376,0.1106,0.1651,-0.4556,-0.6063,-0.3117,-0.6005,-0.4135,-0.4434,0.256,2
43.45,-80.87,6.736,-3.647,0.4426,1.023,-0.8324,-0.2797,0.8911,0.7747,0.2832,0.09125,0.1414,-0.1297,4
21.75,-117,15.08,-0.08427,1.51,2.204,0.4632,-0.6374,-0.9755,-0.2283,-0.001399,-0.1084,-0.02862,0.2075,2
36.68,-104.1,8.109,3.321,2.035,0.1464,1.173,1.54,-0.779,-1.773,-0.3534,-0.8072,-1.048,0.2708,2
27.78,-117.2,10.13,5.193,4.111,0.942,1.741,0.4658,-1.238,-1.787,-0.7177,-0.5259,-0.07102,0.7455,2
34.92,-128.3,7.473,4.315,4.484,1.441,1.145,0.8757,-0.6605,-0.9821,-0.6236,-0.6993,-1.272,-0.4894,2
23.59,-130,9.579,10.52,1.325,0.2031,0.2097,0.7516,-0.8215,-2.3,-1.003,-0.485,-0.4797,0.6987,2
42.75,-141.1,6.349,4.788,2.52,-0.2574,0.6498,0.2944,-0.9244,-1.079,0.244,-0.5685,-0.09568,0.1834,2
58.39,-121,4.399,2.184,0.4202,-2.284,-0.9979,-0.3627,-1.208,-1.054,-0.6305,-1.655,-1.51,-0.5642,2
73.06,-84.87,0.1024,0.227,1.677,-0.4705,1.226,-0.402,-0.3589,-1.105,-1.126,-0.4443,0.7641,0.7136,4
71.89,-87.6,0.6998,0.4371,2.602,-0.8846,0.9129,-0.6399,-0.06564,-1.137,-0.4811,-0.6984,0.3187,0.6205,4
59.23,-97.55,2.057,0.8584,2.72,0.02488,0.524,-0.1045,0.3008,-0.764,-0.5406,-0.434,0.3562,0.7298,4
65.59,-99.46,1.267,1.33,3.179,0.08324,0.2693,-1.205,-0.9076,-1.146,-0.2951,-0.2027,0.4986,0.4614,4
90.64,-112.7,-4.387,3.009,-1.037,-1.457,-1.283,-1.369,-0.2996,-1.578,-0.564,0.3097,2.014,1.547,2
50.28,-109.8,2.112,4.768,2.247,1.35,0.8901,0.1829,0.5401,-0.3185,-0.2606,-0.1473,0.1188,0.9296,3
64.17,-99.01,-0.9443,-0.615,2.684,2.667,0.5079,0.2866,0.9208,-0.5879,-0.7389,-0.3765,0.5412,0.8127,3
48.16,-100.1,4.327,4.09,2.737,0.132,0.9832,0.4943,0.1689,-1.348,-0.6003,0.619,1.083,0.7997,4
44.65,-95.83,3.398,0.6833,-0.2228,-0.7112,0.7866,0.3326,0.6247,-0.2246,-0.373,0.1566,0.8272,1.47,4
49.42,-108.3,6.757,-3.804,1.766,-1.952,1.237,-0.1108,-1.271,-1.771,-1.438,-1.82,-0.8491,-0.2118,1
68.45,-92.7,-1.219,4.308,3.699,-1.39,1.056,-0.7921,-1.503,-1.423,-0.6839,-0.3332,1.062,0.8271,4
59.41,-102.6,1.79,1.009,0.8505,-0.07077,-0.9808,-0.1813,-0.2158,0.01373,-0.5428,-0.9702,-0.3904,-0.06011,4
56.45,-105.5,-1.239,3.62,2.063,0.3856,1.987,0.141,-0.6633,-0.8334,-1.245,0.1227,1.481,2.23,2
41.12,-101.8,3.656,5.039,2.147,1.487,0.5501,-0.2142,0.7262,-0.7568,-0.329,-0.1537,0.6615,0.6055,4
74.52,-113.9,-2.715,4.647,2.318,-0.322,0.3228,-0.09567,-0.6012,-1.266,-1.476,-1.509,0.06959,1.103,4
51.22,-101.3,1.884,3.166,3.058,1.13,1.024,0.2495,-0.2858,-1.125,-0.6788,0.6978,1.161,1.119,4
55.31,-114.2,-7.471,2.827,2.242,-0.9581,-0.1354,-1.033,-0.7415,-2.208,-1.36,-0.2922,1.226,2.566,2
61.24,-89.49,0.6864,1.901,0.8869,-1.478,-0.1193,-0.4526,-1.313,-1.193,-1.106,-0.4073,0.7046,1.664,4
38.58,-105.9,7.488,3.194,-0.3174,-0.6143,-0.4961,0.1222,0.8054,0.0643,-0.1614,0.0008391,0.3519,0.3585,4
54.55,-89.52,2.447,2.365,2.364,0.09321,0.4775,-1.19,-1.252,-0.1902,-0.6272,0.02742,1.042,1.413,4
71.02,-99.33,-2.224,-0.6027,1.006,-0.7104,0.1219,-1.055,0.0546,-0.8119,-1.124,-0.09462,0.7914,1.368,4
54.96,-93.58,0.1138,2.002,1.472,1.16,1.047,-0.592,-0.4544,-0.1588,-0.7944,0.5244,1.071,0.66,4
88.37,-114.9,-1.931,8.26,2.703,-0.4626,0.819,0.4106,-0.7846,-0.7417,0.4075,-0.1409,0.7464,0.8653,3
52.45,-113.2,3.009,1.516,0.1725,-0.832,-0.679,0.02448,0.02934,-0.07234,-0.1925,-0.241,-1.449,0.2759,2
58.58,-105.5,2.516,3.11,3.211,-0.755,0.9508,-1.11,-0.3439,-0.6388,-0.3518,-1.082,-0.6854,-0.4833,4
20.14,-141.1,15.68,5.163,4.047,3.68,0.3326,1.291,-0.3967,-0.5104,-0.04641,0.03332,-0.4348,-1.22,2
21.48,-129,17.93,7.247,1.917,2.221,-0.2138,-0.1014,-1.402,-0.9831,0.2039,0.5119,-0.6476,-0.5378,2
23.38,-125,15.12,4.56,3.013,2.233,0.1521,-0.9562,-1.073,-0.3903,-0.2042,0.8534,0.1081,-0.4773,2
23.24,-113.7,15.98,2.521,1.793,2.261,-0.09604,0.7483,-1.506,-0.4518,-0.4013,-0.1264,-0.6986,-0.05156,2
18.88,-117.9,17.6,4.75,2.741,1.718,-0.5279,-1.159,-1.961,-0.3632,0.2165,0.4088,-0.9667,-1.065,2
24.63,-150.6,14.19,3.458,4.002,2.976,0.08679,-0.7562,-1.459,-1.06,-0.568,0.3559,-0.1578,1.247,2
22.71,-118.8,16.28,4.977,2.78,2.079,-0.5206,1.238,-1.248,-2.135,-0.4107,-0.03082,-0.8502,-0.402,2
18.07,-143.8,18.19,4.313,3.219,2.944,-0.4446,-0.8301,-1.526,-0.6998,0.1675,-0.09652,0.3986,0.6444,2
49.97,-105.5,3.212,8.089,3.006,1.073,0.0486,-1.083,-0.3327,-1.488,-0.4941,-0.2242,-1.598,1.178,2
52.31,-105.8,3.497,4.855,2.553,1.746,1.557,-0.991,-0.758,-0.5139,0.2641,-0.5059,-1.591,2.032,2
50.04,-117.2,0.3641,8.594,6.872,2.651,0.6965,-0.3326,-1.951,-1.46,1.575,0.718,-1.195,2.219,2
44.6,-107,4.731,3.885,3.588,2.566,1.168,-0.7057,-1.636,-1.802,-0.1183,0.03364,-1.121,1.1,2
47.32,-106.7,2.139,6.394,4.152,2.353,0.5316,-0.7133,-1.483,-0.8707,1.485,0.5576,-0.5293,2.04,2
24.58,-117.9,5.458,11.6,6.133,1.793,0.8668,-0.3507,-1.577,-1.065,1.101,-0.2008,-1.736,1.983,2
29.92,-123.5,6.336,9.665,4.762,1.887,0.0741,-0.7177,-1.673,-0.7858,0.1256,-0.2345,-1.128,1.821,2
38.54,-114.4,5.37,9.638,3.532,0.5114,-0.643,-2.514,-2.221,-1.23,0.6141,-0.4559,-0.7137,2.781,2
50.52,-103.8,3.399,3.846,3.292,0.7935,0.7081,-0.2388,-0.2384,-1.385,0.08436,-0.2776,-0.8503,0.8678,4
20.44,-136.9,11.15,10.92,4.977,3.15,-1.04,-1.815,-1.254,-2.986,0.06411,-0.8501,-0.8566,1.89,2
43.9,-99.11,3.146,2.827,4.784,1.196,0.08595,-0.4037,-0.3831,-0.9926,-0.6258,-1.389,-0.05679,0.5407,4
54.52,-91.07,2.218,2.298,3.346,-2.805,0.7722,0.7137,0.5209,-1.056,-1.25,-0.8238,1.158,0.8244,2
34.39,-128.3,6.53,4.698,6.263,0.08228,2.14,-1.181,0.4291,-1.432,-1.635,-1.825,0.8095,0.9561,2
32.22,-115.1,3.539,5.252,4.64,1.477,2.579,1.188,1.329,-0.6508,0.0818,-0.09718,-0.1809,0.1971,3
27.56,-119.4,1.227,4.712,4.983,1.362,3.367,0.9785,1.871,-0.08718,0.1408,-0.3065,0.2404,0.6415,3
34.46,-112.9,3.037,1.611,5.194,2.281,0.3783,0.7651,0.4869,-0.02081,-0.3435,-0.3464,0.07872,0.6913,3
56.06,-121.2,3.783,3.436,3.291,1.602,0.5333,-0.4013,-0.5285,0.5021,0.05849,0.1455,0.2606,1.018,4
62.51,-107.4,1.745,2.466,1.923,-2.276,-1.738,-0.8203,-0.2162,-0.1186,-0.3083,-0.06989,-0.2251,0.3659,4
40.81,-103.9,4.378,8.227,2.695,0.228,0.2813,0.2575,-0.4556,-0.108,0.1216,0.07657,-0.03732,0.02417,3
45.27,-121.1,9.114,8.853,2.104,1.042,0.7188,0.8235,-0.5772,0.872,-0.2938,-0.4839,0.1057,0.2991,3
40.6,-110.8,6.015,4.517,-0.1831,-1.008,1.713,0.4947,-0.04638,-0.5204,-0.4564,-0.1726,0.1046,-0.2015,3
64.97,-105.7,1.448,2.681,1.678,-0.4773,-0.3483,0.5164,-0.03477,0.4399,0.6219,-0.1807,-0.5886,-0.4391,3
48.93,-102.3,4.54,7.304,2.843,1.202,0.4338,0.8711,-0.009932,-0.5697,-0.3373,-1.057,-0.6933,-0.2871,3
61.81,-104.1,0.3554,11.52,2.18,1.441,0.7723,-0.08532,0.3795,0.3264,0.6196,-0.2371,0.07751,0.2045,3
35.4,-107.3,10.17,8.749,1.516,2.531,0.3199,-0.03801,-0.3451,0.06201,-0.1116,-0.3251,-0.1089,-0.1897,3
54.98,-107,5.04,8.929,3.393,0.4904,1.459,0.2064,1.07,1.041,-0.3118,-0.2471,-1.095,1.251,3
26.42,-111.3,8.764,5.845,3.877,0.6328,0.7255,0.1751,0.6327,0.4943,-0.6927,-0.935,0.7014,-0.02199,2
43.76,-105.6,7.764,10.27,2.3,0.3677,-0.5069,0.584,0.4475,-0.05535,-0.5781,-0.5605,-0.6184,-0.08377,3
56.63,-103.9,2.731,9.703,1.223,-0.5509,1.251,1.333,0.5709,-0.4727,-0.4326,-0.2731,-0.6233,0.01523,3
75.14,-109.9,2.135,5.938,0.7091,-0.1322,0.4337,1.547,0.3005,-1.033,0.5737,-0.5342,-0.3325,0.2169,3
49.46,-111.3,6.317,0.4202,1.006,-2.75,0.3129,-0.573,0.1784,-0.927,-0.2329,-0.6811,-0.1198,0.5181,4
70.45,-93.94,2.995,2.966,-0.6234,-0.3677,-0.3688,-0.6642,-0.3166,-0.7458,0.07415,-0.08445,0.4842,0.9057,4
49.46,-111.3,6.317,0.4202,1.006,-2.75,0.3129,-0.573,0.1784,-0.927,-0.2329,-0.6811,-0.1198,0.5181,4
88.16,-107.8,1.363,0.8341,2.267,-3.336,1,-1.134,-0.1571,-0.7354,0.4005,-0.708,-0.5114,0.3517,4
46.17,-105.2,5.204,1.716,1.821,-0.03252,-0.2096,-0.199,-0.3469,-0.8384,-0.492,-0.4126,0.42,0.6172,4
28.12,-101.4,8.91,1.305,3.414,0.7956,-0.357,-0.5296,-0.04533,0.5513,-0.02952,-0.1638,-0.135,0.8527,4
39.31,-108.6,4.749,0.2567,1.844,-0.9379,-0.02725,-0.1246,-0.05151,-0.1345,0.005576,-0.9305,-0.5562,0.368,4
22.05,-116.1,10.94,2.14,2.586,2.083,1.07,-0.6873,0.2019,0.5726,-0.1691,-0.4725,-0.002173,0.4106,2
21.01,-107,11.19,5.98,3.847,2.055,-0.3071,0.2302,-0.2626,0.3512,0.03864,-0.9674,0.03471,0.4379,2
39.4,-88.49,8.433,-4.606,3.282,-1.132,-0.4881,0.9344,0.01576,0.9889,0.4884,-0.07327,-0.7165,0.3033,3
44.65,-95.11,6.984,-0.5653,2.43,-1.978,1.355,-0.07646,-1.324,-1.242,-0.2211,-0.7039,0.705,-0.3419,4
24.14,-107.4,12.95,1.536,3.376,0.1106,0.1651,-0.4556,-0.6063,-0.3117,-0.6005,-0.4135,-0.4434,0.256,2
43.45,-80.87,6.736,-3.647,0.4426,1.023,-0.8324,-0.2797,0.8911,0.7747,0.2832,0.09125,0.1414,-0.1297,3
21.75,-117,15.08,-0.08427,1.51,2.204,0.4632,-0.6374,-0.9755,-0.2283,-0.001399,-0.1084,-0.02862,0.2075,2
36.68,-104.1,8.109,3.321,2.035,0.1464,1.173,1.54,-0.779,-1.773,-0.3534,-0.8072,-1.048,0.2708,2
27.78,-117.2,10.13,5.193,4.111,0.942,1.741,0.4658,-1.238,-1.787,-0.7177,-0.5259,-0.07102,0.7455,2
34.92,-128.3,7.473,4.315,4.484,1.441,1.145,0.8757,-0.6605,-0.9821,-0.6236,-0.6993,-1.272,-0.4894,2
23.59,-130,9.579,10.52,1.325,0.2031,0.2097,0.7516,-0.8215,-2.3,-1.003,-0.485,-0.4797,0.6987,2
42.75,-141.1,6.349,4.788,2.52,-0.2574,0.6498,0.2944,-0.9244,-1.079,0.244,-0.5685,-0.09568,0.1834,2
58.39,-121,4.399,2.184,0.4202,-2.284,-0.9979,-0.3627,-1.208,-1.054,-0.6305,-1.655,-1.51,-0.5642,2
73.06,-84.87,0.1024,0.227,1.677,-0.4705,1.226,-0.402,-0.3589,-1.105,-1.126,-0.4443,0.7641,0.7136,4
71.89,-87.6,0.6998,0.4371,2.602,-0.8846,0.9129,-0.6399,-0.06564,-1.137,-0.4811,-0.6984,0.3187,0.6205,4
59.23,-97.55,2.057,0.8584,2.72,0.02488,0.524,-0.1045,0.3008,-0.764,-0.5406,-0.434,0.3562,0.7298,4
65.59,-99.46,1.267,1.33,3.179,0.08324,0.2693,-1.205,-0.9076,-1.146,-0.2951,-0.2027,0.4986,0.4614,4
58.58,-105.5,2.516,3.11,3.211,-0.755,0.9508,-1.11,-0.3439,-0.6388,-0.3518,-1.082,-0.6854,-0.4833,4
20.14,-141.1,15.68,5.163,4.047,3.68,0.3326,1.291,-0.3967,-0.5104,-0.04641,0.03332,-0.4348,-1.22,2
21.48,-129,17.93,7.247,1.917,2.221,-0.2138,-0.1014,-1.402,-0.9831,0.2039,0.5119,-0.6476,-0.5378,2
23.38,-125,15.12,4.56,3.013,2.233,0.1521,-0.9562,-1.073,-0.3903,-0.2042,0.8534,0.1081,-0.4773,2
23.24,-113.7,15.98,2.521,1.793,2.261,-0.09604,0.7483,-1.506,-0.4518,-0.4013,-0.1264,-0.6986,-0.05156,2
18.88,-117.9,17.6,4.75,2.741,1.718,-0.5279,-1.159,-1.961,-0.3632,0.2165,0.4088,-0.9667,-1.065,2
24.63,-150.6,14.19,3.458,4.002,2.976,0.08679,-0.7562,-1.459,-1.06,-0.568,0.3559,-0.1578,1.247,2
22.71,-118.8,16.28,4.977,2.78,2.079,-0.5206,1.238,-1.248,-2.135,-0.4107,-0.03082,-0.8502,-0.402,2
18.07,-143.8,18.19,4.313,3.219,2.944,-0.4446,-0.8301,-1.526,-0.6998,0.1675,-0.09652,0.3986,0.6444,2
49.97,-105.5,3.212,8.089,3.006,1.073,0.0486,-1.083,-0.3327,-1.488,-0.4941,-0.2242,-1.598,1.178,2
52.31,-105.8,3.497,4.855,2.553,1.746,1.557,-0.991,-0.758,-0.5139,0.2641,-0.5059,-1.591,2.032,2
50.04,-117.2,0.3641,8.594,6.872,2.651,0.6965,-0.3326,-1.951,-1.46,1.575,0.718,-1.195,2.219,2
44.6,-107,4.731,3.885,3.588,2.566,1.168,-0.7057,-1.636,-1.802,-0.1183,0.03364,-1.121,1.1,2
47.32,-106.7,2.139,6.394,4.152,2.353,0.5316,-0.7133,-1.483,-0.8707,1.485,0.5576,-0.5293,2.04,2
24.58,-117.9,5.458,11.6,6.133,1.793,0.8668,-0.3507,-1.577,-1.065,1.101,-0.2008,-1.736,1.983,2
29.92,-123.5,6.336,9.665,4.762,1.887,0.0741,-0.7177,-1.673,-0.7858,0.1256,-0.2345,-1.128,1.821,2
38.54,-114.4,5.37,9.638,3.532,0.5114,-0.643,-2.514,-2.221,-1.23,0.6141,-0.4559,-0.7137,2.781,2
50.52,-103.8,3.399,3.846,3.292,0.7935,0.7081,-0.2388,-0.2384,-1.385,0.08436,-0.2776,-0.8503,0.8678,4
36.7,-159.8,13.21,-4.903,-0.7834,-2.996,-3.221,-3.167,-0.06008,-0.6106,0.4778,-0.4074,-0.9321,1.795,1
31.85,-110,13.33,-5.876,-0.1377,-2.188,-1.136,-1.779,-1.519,-1.475,-1.008,-0.2453,0.36,0.197,1
57.08,-97.1,5.112,-3.196,1.157,-1.128,-0.9937,-0.9805,-0.5142,-0.7412,0.2434,-0.2903,0.3807,0.4928,4
33.93,-170.9,13.23,-4.201,1.38,-2.462,-1.022,-2.131,-1.388,-0.7322,-0.8398,-0.6655,0.3722,0.8955,1
44.61,-102.1,10.88,-3.301,1.256,-1.19,-0.4547,-0.8341,1.154,-1.036,-0.3379,-0.07131,-0.7463,0.405,1
55.98,-102,3.599,-2.431,0.9113,-0.8934,-1.135,-1.19,0.2306,-0.09539,0.2581,-0.6969,0.2704,0.5733,4
25.34,-177.1,11.66,0.4143,2.323,-3.03,-1.135,-1.516,-0.2011,-0.7687,1.373,0.03949,-0.5346,-0.9887,1
30.74,-133.6,8.738,1.606,2.598,0.9804,0.147,-0.8783,-0.2039,-1.07,-0.4339,-0.7154,0.4284,0.8635,2
64.93,-126.5,1.981,-1.633,0.5575,-0.401,-0.658,-1.712,-1.429,-1.067,0.2893,-0.3483,0.504,0.2441,4
44.84,-99.84,8.535,-5.398,2.278,-0.3443,0.3176,-1.231,0.8139,-0.2284,0.009117,-0.4258,0.665,0.3682,4
58.84,-105.4,4.938,-4.677,2.388,-4.714,-0.2701,1.19,-0.8722,1.566,0.3578,-2.227,-0.05563,0.127,1
30.36,-183.2,16.34,-4.625,-1.127,-2.586,-2.503,-4.163,-2.627,-1.522,-1.243,0.1279,0.05585,0.3377,1
49.48,-91.03,6.682,-3.782,3.254,-3.612,1.109,-1.307,-0.1876,0.5911,-1.286,-1.142,0.6991,-0.2739,2
48.71,-159.2,7.314,-4.384,0.8583,-0.35,0.4667,-1.385,-2.649,-0.5536,0.6061,-1.43,-0.5488,0.5909,1
41.87,-148,14.56,-5.546,0.7729,0.2868,-0.1206,-2.144,0.572,-0.965,-1.302,-0.9938,1.028,1.203,1
47.7,-118.3,7.788,-3.575,1.725,-2.178,-0.7721,-1.225,-0.001638,-0.8461,-0.04002,-0.5804,0.4105,0.2058,1
53.22,-114.6,5.901,-3.711,0.8651,-1.976,-0.8605,-1.228,-0.4704,-1.187,-0.2018,-0.5059,0.4125,0.2345,1
38.93,-134.5,12.06,-3.37,3.03,-0.09911,-0.2892,-0.7494,0.4678,-0.1676,0.3759,-0.3727,-0.09415,-0.4228,1
37.85,-146.2,11.48,-2.74,2.581,-0.3392,0.1055,-0.2441,-0.1186,-1.191,-0.3957,-0.3638,-0.2642,0.06756,1
18.43,-180.5,26.71,2.075,-2.115,-1.215,-2.199,-1.548,-1.022,-0.05324,0.2395,-0.162,-0.2948,0.7297,1
21.6,-189.5,20.16,2.087,-3.082,-1.961,-1.557,-1.041,-0.2728,0.1628,-0.6098,-0.7449,-0.1467,0.7577,1
20.44,-136.9,11.15,10.92,4.977,3.15,-1.04,-1.815,-1.254,-2.986,0.06411,-0.8501,-0.8566,1.89,2
43.9,-99.11,3.146,2.827,4.784,1.196,0.08595,-0.4037,-0.3831,-0.9926,-0.6258,-1.389,-0.05679,0.5407,4
54.52,-91.07,2.218,2.298,3.346,-2.805,0.7722,0.7137,0.5209,-1.056,-1.25,-0.8238,1.158,0.8244,4
34.39,-128.3,6.53,4.698,6.263,0.08228,2.14,-1.181,0.4291,-1.432,-1.635,-1.825,0.8095,0.9561,2
32.22,-115.1,3.539,5.252,4.64,1.477,2.579,1.188,1.329,-0.6508,0.0818,-0.09718,-0.1809,0.1971,3
27.56,-119.4,1.227,4.712,4.983,1.362,3.367,0.9785,1.871,-0.08718,0.1408,-0.3065,0.2404,0.6415,3
34.46,-112.9,3.037,1.611,5.194,2.281,0.3783,0.7651,0.4869,-0.02081,-0.3435,-0.3464,0.07872,0.6913,3
56.06,-121.2,3.783,3.436,3.291,1.602,0.5333,-0.4013,-0.5285,0.5021,0.05849,0.1455,0.2606,1.018,3
62.51,-107.4,1.745,2.466,1.923,-2.276,-1.738,-0.8203,-0.2162,-0.1186,-0.3083,-0.06989,-0.2251,0.3659,4
40.81,-103.9,4.378,8.227,2.695,0.228,0.2813,0.2575,-0.4556,-0.108,0.1216,0.07657,-0.03732,0.02417,3
45.27,-121.1,9.114,8.853,2.104,1.042,0.7188,0.8235,-0.5772,0.872,-0.2938,-0.4839,0.1057,0.2991,3
40.6,-110.8,6.015,4.517,-0.1831,-1.008,1.713,0.4947,-0.04638,-0.5204,-0.4564,-0.1726,0.1046,-0.2015,3
64.97,-105.7,1.448,2.681,1.678,-0.4773,-0.3483,0.5164,-0.03477,0.4399,0.6219,-0.1807,-0.5886,-0.4391,3
48.93,-102.3,4.54,7.304,2.843,1.202,0.4338,0.8711,-0.009932,-0.5697,-0.3373,-1.057,-0.6933,-0.2871,3
61.81,-104.1,0.3554,11.52,2.18,1.441,0.7723,-0.08532,0.3795,0.3264,0.6196,-0.2371,0.07751,0.2045,3
35.4,-107.3,10.17,8.749,1.516,2.531,0.3199,-0.03801,-0.3451,0.06201,-0.1116,-0.3251,-0.1089,-0.1897,3
54.98,-107,5.04,8.929,3.393,0.4904,1.459,0.2064,1.07,1.041,-0.3118,-0.2471,-1.095,1.251,3
26.42,-111.3,8.764,5.845,3.877,0.6328,0.7255,0.1751,0.6327,0.4943,-0.6927,-0.935,0.7014,-0.02199,3
43.76,-105.6,7.764,10.27,2.3,0.3677,-0.5069,0.584,0.4475,-0.05535,-0.5781,-0.5605,-0.6184,-0.08377,3
56.63,-103.9,2.731,9.703,1.223,-0.5509,1.251,1.333,0.5709,-0.4727,-0.4326,-0.2731,-0.6233,0.01523,3
75.14,-109.9,2.135,5.938,0.7091,-0.1322,0.4337,1.547,0.3005,-1.033,0.5737,-0.5342,-0.3325,0.2169,3
49.46,-111.3,6.317,0.4202,1.006,-2.75,0.3129,-0.573,0.1784,-0.927,-0.2329,-0.6811,-0.1198,0.5181,4
70.45,-93.94,2.995,2.966,-0.6234,-0.3677,-0.3688,-0.6642,-0.3166,-0.7458,0.07415,-0.08445,0.4842,0.9057,4
49.46,-111.3,6.317,0.4202,1.006,-2.75,0.3129,-0.573,0.1784,-0.927,-0.2329,-0.6811,-0.1198,0.5181,4
88.16,-107.8,1.363,0.8341,2.267,-3.336,1,-1.134,-0.1571,-0.7354,0.4005,-0.708,-0.5114,0.3517,4
